{"player": {"position": {"x": 184.22266222336935, "y": 105.02266222336927}}, "game_objects": []}