{"player": {"position": {"x": 243.35129855222254, "y": 262.68350621854114}}, "game_objects": [{"type": "Generator", "position": {"x": 434.1562984246767, "y": 154.87850634608517}}, {"type": "Boulder", "position": {"x": 253.35129855222254, "y": 272.68350621854114}, "speed": 2.5, "direction": {"x": 0.0, "y": -1.0}, "charge": 7}]}