{"position": {"x": 209.3166881178874, "y": 162.5166881178872}}